first,last,role,institution,field,department,alias
Cynthia,Avila,7,Martin Group,Further education lecturer,artist,president
Jeffrey,Roberts,3,Martin Group,"Designer, multimedia",right,central
Jenna,Sellers,3,Martin Group,"Engineer, drilling",service,eat
Margaret,Lee,7,Martin Group,Retail buyer,test,respond
Joseph,Walker,2,Martin Group,Solicitor,evening,mother
Jason,Barnett,7,Martin Group,Solicitor,show,write
Sherri,Ortiz,6,"Hernandez, Jenkins and Kelley",Solicitor,why,ready
Tyler,Davidson,5,"Greene, Smith and Martinez",Solicitor,opportunity,everything
Nancy,Haynes,7,Tucker Inc,Solicitor,TV,it
Jacob,Gross,8,"Martinez, Nguyen and Larson",Solicitor,few,blue
Paul,Allen,3,Martin Group,Further education lecturer,suddenly,not
Tyrone,Green,2,Martin Group,"Designer, multimedia",road,want
Aaron,Wilson,9,Martin Group,"Engineer, drilling",candidate,up
Ruth,Kidd,2,Martin Group,Retail buyer,state,specific
Michelle,Hernandez,6,Martin Group,Solicitor,enough,six
Thomas,Fisher,4,Martin Group,Solicitor,true,sport
Jo,Erickson,8,"Hernandez, Jenkins and Kelley",Solicitor,he,paper
Christopher,Ellis,3,"Greene, Smith and Martinez",Solicitor,stay,way
Antonio,Reeves,2,Tucker Inc,Solicitor,simple,likely
Lisa,Boyle,7,"Martinez, Nguyen and Larson",Solicitor,writer,loss
Joseph,Frey,2,Martin Group,Further education lecturer,everybody,southern
Kayla,Armstrong,4,Martin Group,"Designer, multimedia",near,life
Seth,Henderson,5,Martin Group,"Engineer, drilling",quality,improve
Carla,Horton,8,Martin Group,Retail buyer,without,help
Karen,King,6,Martin Group,Solicitor,include,when
Katherine,Johnson,9,Martin Group,Solicitor,store,within
Logan,Smith,6,"Hernandez, Jenkins and Kelley",Solicitor,strategy,beautiful
Jo,Hernandez,6,"Greene, Smith and Martinez",Solicitor,very,later
Margaret,Beck,4,Tucker Inc,Solicitor,travel,feel
Brian,Ruiz,5,"Martinez, Nguyen and Larson",Solicitor,myself,paper
Kelli,Benjamin,1,Martin Group,Further education lecturer,partner,use
Pamela,Harris,8,Martin Group,"Designer, multimedia",table,themselves
Darlene,Bell,8,Martin Group,"Engineer, drilling",city,control
Christopher,Pena,3,Martin Group,Retail buyer,high,fight
Joshua,Jenkins,2,Martin Group,Solicitor,week,prevent
Lori,Clay,4,Martin Group,Solicitor,move,exist
Kevin,Herman,4,"Hernandez, Jenkins and Kelley",Solicitor,it,government
Heather,Hernandez,7,"Greene, Smith and Martinez",Solicitor,vote,only
William,Avila,1,Tucker Inc,Solicitor,production,particularly
Jonathan,Sweeney,5,"Martinez, Nguyen and Larson",Solicitor,firm,visit
Joseph,Watson,3,Martin Group,Further education lecturer,concern,particular
Judith,Hernandez,7,Martin Group,"Designer, multimedia",mind,police
Thomas,Riley,9,Martin Group,"Engineer, drilling",huge,about
Beverly,Brown,9,Martin Group,Retail buyer,institution,seven
Regina,Walker,1,Martin Group,Solicitor,huge,specific
Edward,Mccarty,9,Martin Group,Solicitor,civil,subject
Anthony,Smith,1,"Hernandez, Jenkins and Kelley",Solicitor,game,accept
James,Cook,5,"Greene, Smith and Martinez",Solicitor,sister,other
Troy,Watkins,5,Tucker Inc,Solicitor,top,step
Denise,Hutchinson,5,"Martinez, Nguyen and Larson",Solicitor,training,next
Megan,Abbott,4,Martin Group,Further education lecturer,rest,be
Molly,Morales,9,Martin Group,"Designer, multimedia",and,small
Chelsea,Miller,9,Martin Group,"Engineer, drilling",day,per
Gregory,Holt,8,Martin Group,Retail buyer,call,something
Jacob,Edwards,8,Martin Group,Solicitor,education,town
Laura,Ingram,3,Martin Group,Solicitor,rule,policy
Emily,Jones,1,"Hernandez, Jenkins and Kelley",Solicitor,international,painting
Alyssa,Martinez,3,"Greene, Smith and Martinez",Solicitor,full,appear
Alejandro,Cooper,9,Tucker Inc,Solicitor,school,perhaps
Gary,Taylor,6,"Martinez, Nguyen and Larson",Solicitor,without,spend
Mark,Cook,3,Martin Group,Further education lecturer,child,keep
Cindy,Kelley,2,Martin Group,"Designer, multimedia",whom,tonight
Kent,Stephens,4,Martin Group,"Engineer, drilling",civil,there
Karen,Thompson,9,Martin Group,Retail buyer,left,subject
Kimberly,Riggs,5,Martin Group,Solicitor,compare,something
Elizabeth,Reid,9,Martin Group,Solicitor,do,purpose
Steven,Deleon,1,"Hernandez, Jenkins and Kelley",Solicitor,probably,at
Sarah,Myers,9,"Greene, Smith and Martinez",Solicitor,a,step
Bradley,Higgins,8,Tucker Inc,Solicitor,care,career
Luke,Bauer,5,"Martinez, Nguyen and Larson",Solicitor,us,war
Walter,Long,7,Martin Group,Further education lecturer,reach,government
Hannah,Johnson,6,Martin Group,"Designer, multimedia",structure,official
Justin,Hines,4,Martin Group,"Engineer, drilling",he,authority
Michelle,Page,1,Martin Group,Retail buyer,health,best
Melanie,Collins,9,Martin Group,Solicitor,while,over
Beth,Franco,7,Martin Group,Solicitor,consider,rich
Benjamin,Freeman,7,"Hernandez, Jenkins and Kelley",Solicitor,cover,structure
Drew,Collins,6,"Greene, Smith and Martinez",Solicitor,stage,go
Jeffrey,Wells,8,Tucker Inc,Solicitor,if,behind
Abigail,Carpenter,2,"Martinez, Nguyen and Larson",Solicitor,program,husband
Krystal,Carter,7,Martin Group,Further education lecturer,explain,simply
Joseph,Gomez,9,Martin Group,"Designer, multimedia",south,seven
Thomas,Hoover,8,Martin Group,"Engineer, drilling",management,include
Richard,Brewer,8,Martin Group,Retail buyer,increase,play
Lauren,Lewis,2,Martin Group,Solicitor,fine,artist
Matthew,Terry,1,Martin Group,Solicitor,often,bag
Maria,Gardner,4,"Hernandez, Jenkins and Kelley",Solicitor,father,accept
Nicholas,Wood,6,"Greene, Smith and Martinez",Solicitor,then,note
Sarah,Kim,7,Tucker Inc,Solicitor,entire,enjoy
Michael,Christian,3,"Martinez, Nguyen and Larson",Solicitor,physical,simple
Jean,Pennington,4,Martin Group,Further education lecturer,class,quite
Cameron,Moore,6,Martin Group,"Designer, multimedia",such,bar
Michael,Spencer,3,Martin Group,"Engineer, drilling",than,create
Darren,Herrera,1,Martin Group,Retail buyer,food,hit
Anthony,Walton,8,Martin Group,Solicitor,necessary,be
James,Schneider,6,Martin Group,Solicitor,throw,set
Jesus,Rodriguez,1,"Hernandez, Jenkins and Kelley",Solicitor,care,hold
Willie,Henderson,2,"Greene, Smith and Martinez",Solicitor,community,magazine
Kimberly,Steele,8,Tucker Inc,Solicitor,so,green
